,pearson_correlation
OverallQual,0.7855547508295232
GrLivArea,0.69565191449678
GarageCars,0.6409907609784484
GarageArea,0.624138884430746
TotalBsmtSF,0.5977658678072639
1stFlrSF,0.5878834001325343
FullBath,0.5525460065335447
TotRmsAbvGrd,0.5203884422148096
YearBuilt,0.5165007897173518
YearRemodAdd,0.5085928623194935
GarageYrBlt,0.4803509120415036
MasVnrArea,0.4591226943523084
Fireplaces,0.45754929107197734
BsmtFinSF1,0.3594601187357968
LotFrontage,0.33006614783380916
WoodDeckSF,0.32984306770968935
2ndFlrSF,0.31403001861624963
OpenPorchSF,0.29996916055909967
HalfBath,0.28048085350461077
LotArea,0.26620351574810186
BsmtFullBath,0.22634599536462882
BsmtUnfSF,0.22248700465738833
BedroomAbvGr,0.1562107206605002
EnclosedPorch,-0.14953150013191932
KitchenAbvGr,-0.14278481698845244
ScreenPorch,0.11917215199738893
PoolArea,0.11562969356780604
MSSubClass,-0.08808143230519447
OverallCond,-0.07439125482472188
3SsnPorch,0.05153159667710584
BsmtHalfBath,-0.04834610886473631
MoSold,0.0418899317257005
MiscVal,-0.020178536456589142
Id,-0.01964272625211413
LowQualFinSF,-0.011189198538811135
YrSold,-0.00909910465816784
BsmtFinSF2,-0.005731040775719429
